{"great": [0.0652043555204373, 0.03910050641855816, -0.0003180199479576529, -0.007196301413701017, -0.11533830625787421, 0.010877275952839818, 0.018588436215172383, -0.04707573292188917, 0.007398807171598687, -0.024827971853992558], "cool": [-0.015081879168814922, -0.023128417404196397, -0.020985168118758526, 0.018243074032850064, 0.0035555885033147295, -0.012368371241515082, -0.005934662862863908, 0.00420062264901545, 0.012454771133572564, -0.001119721757779001], "brilliant": [0.033406198266975495, -0.050016392439788636, -0.03743198850145777, -0.027174817380235774, -0.018055018302805585, -0.011900557917437495, 0.02274689660460348, -0.0412100786441804, -0.0007266184631410643, 0.03716349393266076], "wonderful": [-0.024834206667552056, 0.010919842233327476, 0.04794791136507347, -0.04254755619887023, -0.005889384650104752, -0.019570843638577428, 0.026787861425007442, -0.030340865434881924, -0.004408815899387628, -0.009946169867629993], "well": [0.12092618441267175, 0.04189223064661364, 0.09753009727066754, -0.05725589370384731, -0.1294433268419529, -0.030071039657913298, 0.05625721317845081, -0.05858417767354818, -0.012612372732325062, -0.02848782184042361], "amazing": [0.030667160676664956, -0.0018537743663771592, -0.005651977678816804, -0.0152346042183176, -0.0660710984394291, -0.006620894634849433, 0.03085877270644389, 0.004234521817562707, -0.04369414583970296, 0.0075640841958733145], "worth": [0.0164870518338836, -0.015251116890889807, 0.009112514989875743, -0.0452485612960972, -0.11109416134045, 0.010547539703633306, 0.0022265722164726224, -0.012269420718799426, 0.07432784893278055, -0.027218598248908127], "sweet": [0.0421935750212399, 0.03398686138684653, -0.008104604756931944, -0.04999639703668398, -0.03926534982489872, -0.021520987280073792, 0.005804225584172116, 0.00237908461360002, 0.015196939045157828, 0.05818052907458695], "enjoyable": [0.08511088473216939, -0.011147917116612333, -0.012657199780026529, -0.07353573271150798, -0.042677097277779984, -0.019586539739992578, 0.03130063284242948, -0.029704768930752183, 0.06733951157114114, 0.04907348159832858], "boring": [0.011338120076208453, 0.018172990033697184, -0.013006543659602412, -0.017978504976507784, -0.11472114512940851, -0.026481045065037713, -0.006271841645994992, -0.055554925006719165, -0.01804664068894184, -0.019837578270137265], "bad": [0.028665473464960765, -0.055449298200302276, 0.03041714768563048, -0.034756555386038515, -0.10804006970378163, 0.02871200523156114, -0.0024288200958113232, 0.015366624772856692, 0.021304159516438173, 0.04939049632094145], "dumb": [0.043899682932331686, -0.008452699862372386, 0.06459062070795572, 0.012741641939839482, -0.016631938489492428, 0.04901735925113933, 0.06302389702328373, -0.0474501397124955, -0.02431330531296504, -0.013066079194668291], "annoying": [0.06887343674326249, -0.039716206264495124, -0.02715062031802616, -0.06118223017277928, -0.046389123657389134, -0.053748201784025985, -0.0045057958808051605, 0.0014225878279601342, 0.024465428342335106, 0.01933749006154314], "female": [0.023064457958111337, 0.01317662815568012, -0.002238604149639472, 0.020186917577809667, -0.044912806683346435, -0.05237221115212201, -0.026296767606616984, 0.026994856658997035, -0.02039384567599453, 0.02074841840467961], "male": [0.017253113357935144, 0.014314528479879044, -0.015524557910557145, -0.04980267309946713, -0.04648778115234801, 0.042903744226145096, 0.04344710882021528, -0.04112088825399789, 0.037835927011352403, -0.022312900859757623], "queen": [0.07408149281171546, -0.004167440248219735, 0.05770362866144934, -0.05770483316540017, -0.0722047377792495, -0.040655931628465224, 0.01865560130585302, 0.015529143377857336, -0.03202341817279393, -0.04592150690769474], "king": [-0.052568173460863475, 0.012903963908204776, 0.05014823305282487, -0.018928565170818205, -0.04755929092973903, 0.048990219046043164, 0.04880553103922578, -0.017935808253407213, -0.03499059968448794, -0.026870090153228623], "man": [0.057891559216898494, 0.03127939666114769, 0.017785246262846697, -0.004481998362088568, -0.08094121724662012, 0.01854437010365487, -0.032972259530204634, 0.018541265380206926, 0.029183031002411226, 0.012383104829296115], "woman": [-0.020410279869710148, -0.04743404953601666, -0.024211308280986017, -0.006631708882107022, -0.05243314069976227, -0.027604635765013538, 0.044694515634575396, -0.02261322896580448, -0.006503976462140073, 0.03886468635858484], "rain": [0.060140402914918054, -0.03404337134356922, -0.004615677717244751, 0.0015241040453978867, 0.008489938977479005, -0.009965555262439587, -0.022876992650765877, -0.05102028443047791, 0.04510566968547527, 0.03732985633711828], "snow": [-0.03208300728602979, 0.004114822215179351, 0.047546765984491327, 0.024685376489406136, -0.005659499859918226, -0.005818922544846781, -0.024955797305487307, 0.01294198785481607, 0.05280356037524037, 0.04173555813402483], "hail": [0.00035545178996234517, 0.023638356757924396, 0.04605106437705222, 0.02802244666967909, -0.051589015393010716, 0.02022548982469306, -0.03159824555828986, 0.0027674205489669327, 0.030396421534974766, -0.038208320934992664], "coffee": [0.014500905038268236, 0.046383811221887256, 0.03712196792464818, 0.02653652155297541, 0.024649829886951354, 0.002054712673275051, 0.028864853074832955, 0.02947294426527415, 0.04293250542480853, 0.036798561342193864], "tea": [0.03207708623304308, 0.03446971616176081, -0.029689862822036072, -0.04613470945175568, -0.015871130623767427, -0.031257295376236276, 0.048352160074937, 0.012199436036122108, 0.03868604547926793, 0.019167238352863398]}